<application>
  <component name="CodeLensSettings">
    <enabled>
      <map>
        <entry key="Derived symbols" value="true" />
        <entry key="Exposing API" value="true" />
        <entry key="Extension methods" value="true" />
        <entry key="F# Inferred types" value="true" />
        <entry key="IL code" value="true" />
        <entry key="UFunctions implementations" value="true" />
        <entry key="UProperties write access" value="true" />
        <entry key="Unity serialized field" value="true" />
        <entry key="derived blueprint class" value="true" />
      </map>
    </enabled>
  </component>
</application>